time_s,linear_x,linear_y,linear_z,angular_x,angular_y,angular_z
1754150884.736468,0.000000,0.000000,0.000000,0.000000,0.000000,0.000000
1754150884.841489,0.000000,0.000000,0.000000,0.000000,0.000000,0.000000
1754150884.939462,0.000000,0.000000,0.000000,0.000000,0.000000,0.000000
1754150885.036938,0.000000,0.000000,0.000000,0.000000,0.000000,0.000000
1754150885.137488,0.000000,0.000000,0.000000,0.000000,0.000000,0.000000
1754150885.238075,0.000000,0.000000,0.000000,0.000000,0.000000,0.000000
1754150885.338154,0.000000,0.000000,0.000000,0.000000,0.000000,0.000000
1754150885.438510,0.000000,0.000000,0.000000,0.000000,0.000000,0.000000
1754150885.538972,0.000000,0.000000,0.000000,0.000000,0.000000,0.000000
1754150885.639676,0.000000,0.000000,0.000000,0.000000,0.000000,0.000000
1754150885.742571,0.000000,0.000000,0.000000,0.000000,0.000000,0.000000
1754150885.840048,0.000000,0.000000,0.000000,0.000000,0.000000,0.000000
1754150885.940512,0.000000,0.000000,0.000000,0.000000,0.000000,0.000000
1754150886.040781,0.000000,0.000000,0.000000,0.000000,0.000000,0.000000
1754150886.141308,0.000000,0.000000,0.000000,0.000000,0.000000,0.000000
1754150886.242332,0.000000,0.000000,0.000000,0.000000,0.000000,0.000000
1754150886.342580,0.000000,0.000000,0.000000,0.000000,0.000000,0.000000
1754150886.443007,0.000000,0.000000,0.000000,0.000000,0.000000,0.000000
1754150886.543178,0.000000,0.000000,0.000000,0.000000,0.000000,0.000000
1754150886.643669,0.000000,0.000000,0.000000,0.000000,0.000000,0.000000
1754150886.744006,0.000000,0.000000,0.000000,0.000000,0.000000,0.000000
1754150886.846705,0.000000,0.000000,0.000000,0.000000,0.000000,0.000000
1754150886.944957,0.000000,0.000000,0.000000,0.000000,0.000000,0.000000
1754150887.045957,0.000000,0.000000,0.000000,0.000000,0.000000,0.000000
1754150887.146507,0.000000,0.000000,0.000000,0.000000,0.000000,0.000000
1754150887.247859,0.000000,0.000000,0.000000,0.000000,0.000000,0.000000
1754150887.346536,0.000000,0.000000,0.000000,0.000000,0.000000,0.000000
1754150887.446791,0.000000,0.000000,0.000000,0.000000,0.000000,0.000000
1754150887.547083,0.000000,0.000000,0.000000,0.000000,0.000000,0.000000
1754150887.649582,0.000000,0.000000,0.000000,0.000000,0.000000,0.000000
1754150887.749588,0.000000,0.000000,0.000000,0.000000,0.000000,0.000000
1754150887.850117,0.000000,0.000000,0.000000,0.000000,0.000000,0.000000
1754150887.951348,0.000000,0.000000,0.000000,0.000000,0.000000,0.000000
1754150888.050300,0.000000,0.000000,0.000000,0.000000,0.000000,0.000000
1754150888.150480,0.000000,0.000000,0.000000,0.000000,0.000000,0.000000
1754150888.250751,0.000000,0.000000,0.000000,0.000000,0.000000,0.000000
1754150888.351085,0.000000,0.000000,0.000000,0.000000,0.000000,0.000000
1754150888.452790,0.000000,0.000000,0.000000,0.000000,0.000000,0.000000
1754150888.552321,0.000000,0.000000,0.000000,0.000000,0.000000,0.000000
1754150888.652783,0.000000,0.000000,0.000000,0.000000,0.000000,0.000000
1754150888.752858,0.000000,0.000000,0.000000,0.000000,0.000000,0.000000
1754150888.853366,0.000000,0.000000,0.000000,0.000000,0.000000,0.000000
1754150888.953661,0.000000,0.000000,0.000000,0.000000,0.000000,0.000000
1754150889.054149,0.000000,0.000000,0.000000,0.000000,0.000000,0.000000
1754150889.154374,0.000000,0.000000,0.000000,0.000000,0.000000,0.000000
1754150889.255184,0.000000,0.000000,0.000000,0.000000,0.000000,0.000000
1754150889.355778,0.000000,0.000000,0.000000,0.000000,0.000000,0.000000
1754150889.455537,0.000000,0.000000,0.000000,0.000000,0.000000,0.000000
1754150889.556111,0.000000,0.000000,0.000000,0.000000,0.000000,0.000000
1754150889.656340,0.000000,0.000000,0.000000,0.000000,0.000000,0.000000
1754150889.756860,0.000000,0.000000,0.000000,0.000000,0.000000,0.000000
1754150889.857237,0.000000,0.000000,0.000000,0.000000,0.000000,0.000000
1754150889.957516,0.000000,0.000000,0.000000,0.000000,0.000000,0.000000
1754150890.057803,0.000000,0.000000,0.000000,0.000000,0.000000,0.000000
1754150890.159520,0.000000,0.000000,0.000000,0.000000,0.000000,0.000000
1754150890.259808,0.000000,0.000000,0.000000,0.000000,0.000000,0.000000
1754150890.360162,0.000000,0.000000,0.000000,0.000000,0.000000,0.000000
1754150890.461510,0.000000,0.000000,0.000000,0.000000,0.000000,0.000000
1754150890.560926,0.000000,0.000000,0.000000,0.000000,0.000000,0.000000
1754150890.661671,0.000000,0.000000,0.000000,0.000000,0.000000,0.000000
1754150890.762113,0.000000,0.000000,0.000000,0.000000,0.000000,0.000000
1754150890.864647,0.000000,0.000000,0.000000,0.000000,0.000000,0.000000
1754150890.962830,0.000000,0.000000,0.000000,0.000000,0.000000,0.000000
1754150891.063242,0.000000,0.000000,0.000000,0.000000,0.000000,0.000000
1754150891.163620,0.000000,0.000000,0.000000,0.000000,0.000000,0.000000
1754150891.264565,0.000000,0.000000,0.000000,0.000000,0.000000,0.000000
1754150891.364836,0.000000,0.000000,0.000000,0.000000,0.000000,0.000000
1754150891.464978,0.000000,0.000000,0.000000,0.000000,0.000000,0.000000
1754150891.565626,0.000000,0.000000,0.000000,0.000000,0.000000,0.000000
1754150891.665943,0.000000,0.000000,0.000000,0.000000,0.000000,0.000000
1754150891.766311,0.000000,0.000000,0.000000,0.000000,0.000000,0.000000
1754150891.866739,0.000000,0.000000,0.000000,0.000000,0.000000,0.000000
1754150891.967212,0.000000,0.000000,0.000000,0.000000,0.000000,0.000000
1754150892.067519,0.000000,0.000000,0.000000,0.000000,0.000000,0.000000
1754150892.167883,0.000000,0.000000,0.000000,0.000000,0.000000,0.000000
1754150892.268831,0.000000,0.000000,0.000000,0.000000,0.000000,0.000000
1754150892.369163,0.000000,0.000000,0.000000,0.000000,0.000000,0.000000
1754150892.470046,0.000000,0.000000,0.000000,0.000000,0.000000,0.000000
1754150892.570380,0.000000,0.000000,0.000000,0.000000,0.000000,0.000000
1754150892.671820,0.000000,0.000000,0.000000,0.000000,0.000000,0.000000
1754150892.772468,0.000000,0.000000,0.000000,0.000000,0.000000,0.000000
1754150892.872630,0.000000,0.000000,0.000000,0.000000,0.000000,0.000000
1754150892.973038,0.000000,0.000000,0.000000,0.000000,0.000000,0.000000
1754150893.073458,0.000000,0.000000,0.000000,0.000000,0.000000,0.000000
1754150893.173646,0.000000,0.000000,0.000000,0.000000,0.000000,0.000000
1754150893.274037,0.000000,0.000000,0.000000,0.000000,0.000000,0.000000
1754150893.296578,0.000000,0.000000,0.000000,0.000000,0.000000,0.050000
1754150893.396845,0.000000,0.000000,0.000000,0.000000,0.000000,0.100000
1754150893.497200,0.000000,0.000000,0.000000,0.000000,0.000000,0.100000
1754150893.597689,0.000000,0.000000,0.000000,0.000000,0.000000,0.100000
1754150893.697931,0.000000,0.000000,0.000000,0.000000,0.000000,0.100000
1754150893.796750,0.000000,0.000000,0.000000,0.000000,0.000000,0.150000
1754150893.828259,0.000000,0.000000,0.000000,0.000000,0.000000,0.200000
1754150893.858917,0.000000,0.000000,0.000000,0.000000,0.000000,0.250000
1754150893.888050,0.000000,0.000000,0.000000,0.000000,0.000000,0.300000
1754150893.916287,0.000000,0.000000,0.000000,0.000000,0.000000,0.350000
1754150893.946699,0.000000,0.000000,0.000000,0.000000,0.000000,0.400000
1754150893.975318,0.000000,0.000000,0.000000,0.000000,0.000000,0.450000
1754150894.005535,0.000000,0.000000,0.000000,0.000000,0.000000,0.500000
1754150894.036605,0.000000,0.000000,0.000000,0.000000,0.000000,0.550000
1754150894.066750,0.000000,0.000000,0.000000,0.000000,0.000000,0.600000
1754150894.098544,0.000000,0.000000,0.000000,0.000000,0.000000,0.650000
1754150894.128589,0.000000,0.000000,0.000000,0.000000,0.000000,0.700000
1754150894.157832,0.000000,0.000000,0.000000,0.000000,0.000000,0.750000
1754150894.187803,0.000000,0.000000,0.000000,0.000000,0.000000,0.800000
1754150894.287591,0.000000,0.000000,0.000000,0.000000,0.000000,0.850000
1754150894.387571,0.000000,0.000000,0.000000,0.000000,0.000000,0.900000
1754150894.487887,0.000000,0.000000,0.000000,0.000000,0.000000,0.950000
1754150894.588313,0.000000,0.000000,0.000000,0.000000,0.000000,1.000000
1754150894.688599,0.000000,0.000000,0.000000,0.000000,0.000000,1.050000
1754150894.788985,0.000000,0.000000,0.000000,0.000000,0.000000,1.100000
1754150894.889260,0.000000,0.000000,0.000000,0.000000,0.000000,1.150000
1754150894.989967,0.000000,0.000000,0.000000,0.000000,0.000000,1.200000
1754150895.089815,0.000000,0.000000,0.000000,0.000000,0.000000,1.250000
1754150895.190049,0.000000,0.000000,0.000000,0.000000,0.000000,1.300000
1754150895.290570,0.000000,0.000000,0.000000,0.000000,0.000000,1.350000
1754150895.318432,0.000000,0.000000,0.000000,0.000000,0.000000,0.000000
1754150895.418819,0.000000,0.000000,0.000000,0.000000,0.000000,0.000000
1754150895.519955,0.000000,0.000000,0.000000,0.000000,0.000000,0.000000
1754150895.619668,0.000000,0.000000,0.000000,0.000000,0.000000,0.000000
1754150895.655364,0.005000,0.000000,0.000000,0.000000,0.000000,0.000000
1754150895.755470,0.010000,0.000000,0.000000,0.000000,0.000000,0.000000
1754150895.855765,0.010000,0.000000,0.000000,0.000000,0.000000,0.000000
1754150895.956060,0.010000,0.000000,0.000000,0.000000,0.000000,0.000000
1754150896.056291,0.010000,0.000000,0.000000,0.000000,0.000000,0.000000
1754150896.155899,0.015000,0.000000,0.000000,0.000000,0.000000,0.000000
1754150896.187241,0.020000,0.000000,0.000000,0.000000,0.000000,0.000000
1754150896.215819,0.025000,0.000000,0.000000,0.000000,0.000000,0.000000
1754150896.246940,0.030000,0.000000,0.000000,0.000000,0.000000,0.000000
1754150896.277038,0.035000,0.000000,0.000000,0.000000,0.000000,0.000000
1754150896.307152,0.040000,0.000000,0.000000,0.000000,0.000000,0.000000
1754150896.338379,0.045000,0.000000,0.000000,0.000000,0.000000,0.000000
1754150896.371974,0.050000,0.000000,0.000000,0.000000,0.000000,0.000000
1754150896.400063,0.055000,0.000000,0.000000,0.000000,0.000000,0.000000
1754150896.427840,0.060000,0.000000,0.000000,0.000000,0.000000,0.000000
1754150896.458013,0.065000,0.000000,0.000000,0.000000,0.000000,0.000000
1754150896.488208,0.070000,0.000000,0.000000,0.000000,0.000000,0.000000
1754150896.518435,0.075000,0.000000,0.000000,0.000000,0.000000,0.000000
1754150896.548937,0.080000,0.000000,0.000000,0.000000,0.000000,0.000000
1754150896.580448,0.085000,0.000000,0.000000,0.000000,0.000000,0.000000
1754150896.611335,0.090000,0.000000,0.000000,0.000000,0.000000,0.000000
1754150896.643927,0.095000,0.000000,0.000000,0.000000,0.000000,0.000000
1754150896.671861,0.100000,0.000000,0.000000,0.000000,0.000000,0.000000
1754150896.702049,0.105000,0.000000,0.000000,0.000000,0.000000,0.000000
1754150896.731118,0.110000,0.000000,0.000000,0.000000,0.000000,0.000000
1754150896.762505,0.115000,0.000000,0.000000,0.000000,0.000000,0.000000
1754150896.792316,0.120000,0.000000,0.000000,0.000000,0.000000,0.000000
1754150896.822062,0.125000,0.000000,0.000000,0.000000,0.000000,0.000000
1754150896.852159,0.130000,0.000000,0.000000,0.000000,0.000000,0.000000
1754150896.881989,0.135000,0.000000,0.000000,0.000000,0.000000,0.000000
1754150896.914157,0.140000,0.000000,0.000000,0.000000,0.000000,0.000000
1754150896.943935,0.145000,0.000000,0.000000,0.000000,0.000000,0.000000
1754150896.973404,0.150000,0.000000,0.000000,0.000000,0.000000,0.000000
1754150897.005166,0.155000,0.000000,0.000000,0.000000,0.000000,0.000000
1754150897.033595,0.160000,0.000000,0.000000,0.000000,0.000000,0.000000
1754150897.063574,0.165000,0.000000,0.000000,0.000000,0.000000,0.000000
1754150897.094513,0.170000,0.000000,0.000000,0.000000,0.000000,0.000000
1754150897.124201,0.175000,0.000000,0.000000,0.000000,0.000000,0.000000
1754150897.156689,0.180000,0.000000,0.000000,0.000000,0.000000,0.000000
1754150897.187305,0.185000,0.000000,0.000000,0.000000,0.000000,0.000000
1754150897.219106,0.190000,0.000000,0.000000,0.000000,0.000000,0.000000
1754150897.249127,0.195000,0.000000,0.000000,0.000000,0.000000,0.000000
1754150897.279742,0.200000,0.000000,0.000000,0.000000,0.000000,0.000000
1754150897.308969,0.205000,0.000000,0.000000,0.000000,0.000000,0.000000
1754150897.337603,0.210000,0.000000,0.000000,0.000000,0.000000,0.000000
1754150897.368679,0.215000,0.000000,0.000000,0.000000,0.000000,0.000000
1754150897.398174,0.220000,0.000000,0.000000,0.000000,0.000000,0.000000
1754150897.429219,0.220000,0.000000,0.000000,0.000000,0.000000,0.000000
1754150897.461540,0.220000,0.000000,0.000000,0.000000,0.000000,0.000000
1754150897.494043,0.220000,0.000000,0.000000,0.000000,0.000000,0.000000
1754150897.531122,0.220000,0.000000,0.000000,0.000000,0.000000,0.000000
1754150897.559325,0.220000,0.000000,0.000000,0.000000,0.000000,0.000000
1754150897.584980,0.220000,0.000000,0.000000,0.000000,0.000000,0.000000
1754150897.615308,0.220000,0.000000,0.000000,0.000000,0.000000,0.000000
1754150897.644674,0.220000,0.000000,0.000000,0.000000,0.000000,0.000000
1754150897.673431,0.220000,0.000000,0.000000,0.000000,0.000000,0.000000
1754150897.703856,0.220000,0.000000,0.000000,0.000000,0.000000,0.000000
1754150897.734152,0.220000,0.000000,0.000000,0.000000,0.000000,0.000000
1754150897.765144,0.220000,0.000000,0.000000,0.000000,0.000000,0.000000
1754150897.797163,0.220000,0.000000,0.000000,0.000000,0.000000,0.000000
1754150897.825838,0.220000,0.000000,0.000000,0.000000,0.000000,0.000000
1754150897.855669,0.220000,0.000000,0.000000,0.000000,0.000000,0.000000
1754150897.891511,0.220000,0.000000,0.000000,0.000000,0.000000,0.000000
1754150897.916218,0.220000,0.000000,0.000000,0.000000,0.000000,0.000000
1754150897.948701,0.220000,0.000000,0.000000,0.000000,0.000000,0.000000
1754150897.977361,0.220000,0.000000,0.000000,0.000000,0.000000,0.000000
1754150898.008519,0.220000,0.000000,0.000000,0.000000,0.000000,0.000000
1754150898.037955,0.220000,0.000000,0.000000,0.000000,0.000000,0.000000
1754150898.067817,0.220000,0.000000,0.000000,0.000000,0.000000,0.000000
1754150898.098495,0.220000,0.000000,0.000000,0.000000,0.000000,0.000000
1754150898.130382,0.220000,0.000000,0.000000,0.000000,0.000000,0.000000
1754150898.160745,0.220000,0.000000,0.000000,0.000000,0.000000,0.000000
1754150898.187685,0.220000,0.000000,0.000000,0.000000,0.000000,0.000000
1754150898.218552,0.220000,0.000000,0.000000,0.000000,0.000000,0.000000
1754150898.248510,0.220000,0.000000,0.000000,0.000000,0.000000,0.000000
1754150898.279746,0.220000,0.000000,0.000000,0.000000,0.000000,0.000000
1754150898.310269,0.220000,0.000000,0.000000,0.000000,0.000000,0.000000
1754150898.341312,0.220000,0.000000,0.000000,0.000000,0.000000,0.000000
1754150898.374185,0.220000,0.000000,0.000000,0.000000,0.000000,0.000000
1754150898.404304,0.220000,0.000000,0.000000,0.000000,0.000000,0.000000
1754150898.434687,0.220000,0.000000,0.000000,0.000000,0.000000,0.000000
1754150898.466123,0.220000,0.000000,0.000000,0.000000,0.000000,0.000000
1754150898.497111,0.220000,0.000000,0.000000,0.000000,0.000000,0.000000
1754150898.523829,0.220000,0.000000,0.000000,0.000000,0.000000,0.000000
1754150898.552833,0.220000,0.000000,0.000000,0.000000,0.000000,0.000000
1754150898.582361,0.220000,0.000000,0.000000,0.000000,0.000000,0.000000
1754150898.612555,0.220000,0.000000,0.000000,0.000000,0.000000,0.000000
1754150898.644910,0.220000,0.000000,0.000000,0.000000,0.000000,0.000000
1754150898.677074,0.220000,0.000000,0.000000,0.000000,0.000000,0.000000
1754150898.708319,0.220000,0.000000,0.000000,0.000000,0.000000,0.000000
1754150898.735596,0.220000,0.000000,0.000000,0.000000,0.000000,0.000000
1754150898.764904,0.220000,0.000000,0.000000,0.000000,0.000000,0.000000
1754150898.795332,0.220000,0.000000,0.000000,0.000000,0.000000,0.000000
1754150898.826566,0.220000,0.000000,0.000000,0.000000,0.000000,0.000000
1754150898.856345,0.220000,0.000000,0.000000,0.000000,0.000000,0.000000
1754150898.884967,0.220000,0.000000,0.000000,0.000000,0.000000,0.000000
1754150898.916845,0.220000,0.000000,0.000000,0.000000,0.000000,0.000000
1754150898.949265,0.220000,0.000000,0.000000,0.000000,0.000000,0.000000
1754150898.978720,0.220000,0.000000,0.000000,0.000000,0.000000,0.000000
1754150899.011904,0.220000,0.000000,0.000000,0.000000,0.000000,0.000000
1754150899.039748,0.220000,0.000000,0.000000,0.000000,0.000000,0.000000
1754150899.067378,0.220000,0.000000,0.000000,0.000000,0.000000,0.000000
1754150899.097893,0.220000,0.000000,0.000000,0.000000,0.000000,0.000000
1754150899.129638,0.220000,0.000000,0.000000,0.000000,0.000000,0.000000
1754150899.160436,0.220000,0.000000,0.000000,0.000000,0.000000,0.000000
1754150899.192767,0.220000,0.000000,0.000000,0.000000,0.000000,0.000000
1754150899.224417,0.220000,0.000000,0.000000,0.000000,0.000000,0.000000
1754150899.254710,0.220000,0.000000,0.000000,0.000000,0.000000,0.000000
1754150899.284331,0.220000,0.000000,0.000000,0.000000,0.000000,0.000000
1754150899.314026,0.220000,0.000000,0.000000,0.000000,0.000000,0.000000
1754150899.345156,0.220000,0.000000,0.000000,0.000000,0.000000,0.000000
1754150899.374659,0.220000,0.000000,0.000000,0.000000,0.000000,0.000000
1754150899.405370,0.220000,0.000000,0.000000,0.000000,0.000000,0.000000
1754150899.432919,0.220000,0.000000,0.000000,0.000000,0.000000,0.000000
1754150899.463662,0.220000,0.000000,0.000000,0.000000,0.000000,0.000000
1754150899.493848,0.220000,0.000000,0.000000,0.000000,0.000000,0.000000
1754150899.525447,0.220000,0.000000,0.000000,0.000000,0.000000,0.000000
1754150899.556488,0.220000,0.000000,0.000000,0.000000,0.000000,0.000000
1754150899.586913,0.220000,0.000000,0.000000,0.000000,0.000000,0.000000
1754150899.613357,0.220000,0.000000,0.000000,0.000000,0.000000,0.000000
1754150899.643701,0.220000,0.000000,0.000000,0.000000,0.000000,0.000000
1754150899.674043,0.220000,0.000000,0.000000,0.000000,0.000000,0.000000
1754150899.706904,0.220000,0.000000,0.000000,0.000000,0.000000,0.000000
1754150899.734791,0.220000,0.000000,0.000000,0.000000,0.000000,0.000000
1754150899.763849,0.220000,0.000000,0.000000,0.000000,0.000000,0.000000
1754150899.794611,0.220000,0.000000,0.000000,0.000000,0.000000,0.000000
1754150899.825889,0.220000,0.000000,0.000000,0.000000,0.000000,0.000000
1754150899.857597,0.220000,0.000000,0.000000,0.000000,0.000000,0.000000
1754150899.885561,0.220000,0.000000,0.000000,0.000000,0.000000,0.000000
1754150899.914056,0.220000,0.000000,0.000000,0.000000,0.000000,0.000000
1754150899.944077,0.220000,0.000000,0.000000,0.000000,0.000000,0.000000
1754150899.974682,0.220000,0.000000,0.000000,0.000000,0.000000,0.000000
1754150900.006151,0.220000,0.000000,0.000000,0.000000,0.000000,0.000000
1754150900.035248,0.220000,0.000000,0.000000,0.000000,0.000000,0.000000
1754150900.066917,0.220000,0.000000,0.000000,0.000000,0.000000,0.000000
1754150900.094762,0.220000,0.000000,0.000000,0.000000,0.000000,0.000000
1754150900.125015,0.220000,0.000000,0.000000,0.000000,0.000000,0.000000
1754150900.156092,0.220000,0.000000,0.000000,0.000000,0.000000,0.000000
1754150900.184406,0.220000,0.000000,0.000000,0.000000,0.000000,0.000000
1754150900.214423,0.220000,0.000000,0.000000,0.000000,0.000000,0.000000
1754150900.244735,0.220000,0.000000,0.000000,0.000000,0.000000,0.000000
1754150900.275031,0.220000,0.000000,0.000000,0.000000,0.000000,0.000000
1754150900.308805,0.220000,0.000000,0.000000,0.000000,0.000000,0.000000
1754150900.341035,0.220000,0.000000,0.000000,0.000000,0.000000,0.000000
1754150900.369650,0.220000,0.000000,0.000000,0.000000,0.000000,0.000000
1754150900.398298,0.220000,0.000000,0.000000,0.000000,0.000000,0.000000
1754150900.428869,0.220000,0.000000,0.000000,0.000000,0.000000,0.000000
1754150900.460352,0.220000,0.000000,0.000000,0.000000,0.000000,0.000000
1754150900.490719,0.220000,0.000000,0.000000,0.000000,0.000000,0.000000
1754150900.522702,0.220000,0.000000,0.000000,0.000000,0.000000,0.000000
1754150900.550569,0.220000,0.000000,0.000000,0.000000,0.000000,0.000000
1754150900.581520,0.220000,0.000000,0.000000,0.000000,0.000000,0.000000
1754150900.611770,0.220000,0.000000,0.000000,0.000000,0.000000,0.000000
1754150900.643234,0.220000,0.000000,0.000000,0.000000,0.000000,0.000000
1754150900.673466,0.220000,0.000000,0.000000,0.000000,0.000000,0.000000
1754150900.702183,0.220000,0.000000,0.000000,0.000000,0.000000,0.000000
1754150900.731494,0.220000,0.000000,0.000000,0.000000,0.000000,0.000000
1754150900.761719,0.220000,0.000000,0.000000,0.000000,0.000000,0.000000
1754150900.791825,0.220000,0.000000,0.000000,0.000000,0.000000,0.000000
1754150900.824828,0.220000,0.000000,0.000000,0.000000,0.000000,0.000000
1754150900.854928,0.220000,0.000000,0.000000,0.000000,0.000000,0.000000
1754150900.885923,0.220000,0.000000,0.000000,0.000000,0.000000,0.000000
1754150900.915900,0.220000,0.000000,0.000000,0.000000,0.000000,0.000000
1754150900.948652,0.220000,0.000000,0.000000,0.000000,0.000000,0.000000
1754150900.980399,0.220000,0.000000,0.000000,0.000000,0.000000,0.000000
1754150901.008648,0.220000,0.000000,0.000000,0.000000,0.000000,0.000000
1754150901.042320,0.220000,0.000000,0.000000,0.000000,0.000000,0.000000
1754150901.071073,0.220000,0.000000,0.000000,0.000000,0.000000,0.000000
1754150901.099880,0.220000,0.000000,0.000000,0.000000,0.000000,0.000000
1754150901.130425,0.220000,0.000000,0.000000,0.000000,0.000000,0.000000
1754150901.159798,0.220000,0.000000,0.000000,0.000000,0.000000,0.000000
1754150901.189589,0.220000,0.000000,0.000000,0.000000,0.000000,0.000000
1754150901.222046,0.220000,0.000000,0.000000,0.000000,0.000000,0.000000
1754150901.253704,0.220000,0.000000,0.000000,0.000000,0.000000,0.000000
1754150901.283672,0.220000,0.000000,0.000000,0.000000,0.000000,0.000000
1754150901.315760,0.220000,0.000000,0.000000,0.000000,0.000000,0.000000
1754150901.344485,0.220000,0.000000,0.000000,0.000000,0.000000,0.000000
1754150901.372698,0.220000,0.000000,0.000000,0.000000,0.000000,0.000000
1754150901.403569,0.220000,0.000000,0.000000,0.000000,0.000000,0.000000
1754150901.432827,0.220000,0.000000,0.000000,0.000000,0.000000,0.000000
1754150901.464785,0.220000,0.000000,0.000000,0.000000,0.000000,0.000000
1754150901.495592,0.220000,0.000000,0.000000,0.000000,0.000000,0.000000
1754150901.525592,0.220000,0.000000,0.000000,0.000000,0.000000,0.000000
1754150901.558155,0.220000,0.000000,0.000000,0.000000,0.000000,0.000000
1754150901.588408,0.220000,0.000000,0.000000,0.000000,0.000000,0.000000
1754150901.619195,0.220000,0.000000,0.000000,0.000000,0.000000,0.000000
1754150901.650882,0.220000,0.000000,0.000000,0.000000,0.000000,0.000000
1754150901.682037,0.220000,0.000000,0.000000,0.000000,0.000000,0.000000
1754150901.709878,0.220000,0.000000,0.000000,0.000000,0.000000,0.000000
1754150901.741119,0.220000,0.000000,0.000000,0.000000,0.000000,0.000000
1754150901.768834,0.220000,0.000000,0.000000,0.000000,0.000000,0.000000
1754150901.799878,0.220000,0.000000,0.000000,0.000000,0.000000,0.000000
1754150901.829000,0.220000,0.000000,0.000000,0.000000,0.000000,0.000000
1754150901.860594,0.220000,0.000000,0.000000,0.000000,0.000000,0.000000
1754150901.892064,0.220000,0.000000,0.000000,0.000000,0.000000,0.000000
1754150901.926243,0.220000,0.000000,0.000000,0.000000,0.000000,0.000000
1754150901.954667,0.220000,0.000000,0.000000,0.000000,0.000000,0.000000
1754150901.983044,0.220000,0.000000,0.000000,0.000000,0.000000,0.000000
1754150902.010872,0.220000,0.000000,0.000000,0.000000,0.000000,0.000000
1754150902.042066,0.220000,0.000000,0.000000,0.000000,0.000000,0.000000
1754150902.071786,0.220000,0.000000,0.000000,0.000000,0.000000,0.000000
1754150902.102436,0.220000,0.000000,0.000000,0.000000,0.000000,0.000000
1754150902.137787,0.220000,0.000000,0.000000,0.000000,0.000000,0.000000
1754150902.167734,0.220000,0.000000,0.000000,0.000000,0.000000,0.000000
1754150902.200081,0.220000,0.000000,0.000000,0.000000,0.000000,0.000000
1754150902.228915,0.220000,0.000000,0.000000,0.000000,0.000000,0.000000
1754150902.260371,0.220000,0.000000,0.000000,0.000000,0.000000,0.000000
1754150902.293643,0.220000,0.000000,0.000000,0.000000,0.000000,0.000000
1754150902.323201,0.220000,0.000000,0.000000,0.000000,0.000000,0.000000
1754150902.352703,0.220000,0.000000,0.000000,0.000000,0.000000,0.000000
1754150902.381426,0.220000,0.000000,0.000000,0.000000,0.000000,0.000000
1754150902.409532,0.220000,0.000000,0.000000,0.000000,0.000000,0.000000
1754150902.440797,0.220000,0.000000,0.000000,0.000000,0.000000,0.000000
1754150902.469473,0.220000,0.000000,0.000000,0.000000,0.000000,0.000000
1754150902.501061,0.220000,0.000000,0.000000,0.000000,0.000000,0.000000
1754150902.531260,0.220000,0.000000,0.000000,0.000000,0.000000,0.000000
1754150902.561939,0.220000,0.000000,0.000000,0.000000,0.000000,0.000000
1754150902.590158,0.220000,0.000000,0.000000,0.000000,0.000000,0.000000
1754150902.618966,0.220000,0.000000,0.000000,0.000000,0.000000,0.000000
1754150902.649923,0.220000,0.000000,0.000000,0.000000,0.000000,0.000000
1754150902.681127,0.220000,0.000000,0.000000,0.000000,0.000000,0.000000
1754150902.710320,0.220000,0.000000,0.000000,0.000000,0.000000,0.000000
1754150902.745956,0.220000,0.000000,0.000000,0.000000,0.000000,0.000000
1754150902.773273,0.220000,0.000000,0.000000,0.000000,0.000000,0.000000
1754150902.806541,0.220000,0.000000,0.000000,0.000000,0.000000,0.000000
1754150902.832968,0.220000,0.000000,0.000000,0.000000,0.000000,0.000000
1754150902.871533,0.220000,0.000000,0.000000,0.000000,0.000000,0.000000
1754150902.893422,0.220000,0.000000,0.000000,0.000000,0.000000,0.000000
1754150902.924730,0.220000,0.000000,0.000000,0.000000,0.000000,0.000000
1754150902.954928,0.220000,0.000000,0.000000,0.000000,0.000000,0.000000
1754150902.983378,0.220000,0.000000,0.000000,0.000000,0.000000,0.000000
1754150903.014539,0.220000,0.000000,0.000000,0.000000,0.000000,0.000000
1754150903.046670,0.220000,0.000000,0.000000,0.000000,0.000000,0.000000
1754150903.076280,0.220000,0.000000,0.000000,0.000000,0.000000,0.000000
1754150903.106624,0.220000,0.000000,0.000000,0.000000,0.000000,0.000000
1754150903.137702,0.220000,0.000000,0.000000,0.000000,0.000000,0.000000
1754150903.166459,0.220000,0.000000,0.000000,0.000000,0.000000,0.000000
1754150903.195749,0.220000,0.000000,0.000000,0.000000,0.000000,0.000000
1754150903.226032,0.220000,0.000000,0.000000,0.000000,0.000000,0.000000
1754150903.254816,0.220000,0.000000,0.000000,0.000000,0.000000,0.000000
1754150903.265539,0.220000,0.000000,0.000000,0.000000,0.000000,-0.050000
1754150903.364990,0.220000,0.000000,0.000000,0.000000,0.000000,-0.100000
1754150903.465213,0.220000,0.000000,0.000000,0.000000,0.000000,-0.100000
1754150903.565521,0.220000,0.000000,0.000000,0.000000,0.000000,-0.100000
1754150903.576486,0.220000,0.000000,0.000000,0.000000,0.000000,-0.150000
1754150903.676569,0.220000,0.000000,0.000000,0.000000,0.000000,-0.200000
1754150903.777184,0.220000,0.000000,0.000000,0.000000,0.000000,-0.200000
1754150903.841024,0.220000,0.000000,0.000000,0.000000,0.000000,-0.250000
1754150903.941326,0.220000,0.000000,0.000000,0.000000,0.000000,-0.300000
1754150904.041802,0.220000,0.000000,0.000000,0.000000,0.000000,-0.300000
1754150904.142456,0.220000,0.000000,0.000000,0.000000,0.000000,-0.300000
1754150904.242287,0.220000,0.000000,0.000000,0.000000,0.000000,-0.300000
1754150904.342563,0.220000,0.000000,0.000000,0.000000,0.000000,-0.300000
1754150904.442905,0.220000,0.000000,0.000000,0.000000,0.000000,-0.300000
1754150904.543429,0.220000,0.000000,0.000000,0.000000,0.000000,-0.300000
1754150904.643509,0.220000,0.000000,0.000000,0.000000,0.000000,-0.300000
1754150904.743740,0.220000,0.000000,0.000000,0.000000,0.000000,-0.300000
1754150904.844222,0.220000,0.000000,0.000000,0.000000,0.000000,-0.300000
1754150904.944472,0.220000,0.000000,0.000000,0.000000,0.000000,-0.300000
1754150905.044791,0.220000,0.000000,0.000000,0.000000,0.000000,-0.300000
1754150905.145262,0.220000,0.000000,0.000000,0.000000,0.000000,-0.300000
1754150905.246778,0.220000,0.000000,0.000000,0.000000,0.000000,-0.300000
1754150905.346158,0.220000,0.000000,0.000000,0.000000,0.000000,-0.300000
1754150905.446891,0.220000,0.000000,0.000000,0.000000,0.000000,-0.300000
1754150905.546830,0.220000,0.000000,0.000000,0.000000,0.000000,-0.300000
1754150905.647737,0.220000,0.000000,0.000000,0.000000,0.000000,-0.300000
1754150905.747525,0.220000,0.000000,0.000000,0.000000,0.000000,-0.300000
1754150905.847845,0.220000,0.000000,0.000000,0.000000,0.000000,-0.300000
1754150905.948209,0.220000,0.000000,0.000000,0.000000,0.000000,-0.300000
1754150906.048695,0.220000,0.000000,0.000000,0.000000,0.000000,-0.300000
1754150906.148869,0.220000,0.000000,0.000000,0.000000,0.000000,-0.300000
1754150906.249206,0.220000,0.000000,0.000000,0.000000,0.000000,-0.300000
1754150906.350758,0.220000,0.000000,0.000000,0.000000,0.000000,-0.300000
1754150906.451106,0.220000,0.000000,0.000000,0.000000,0.000000,-0.300000
1754150906.551353,0.220000,0.000000,0.000000,0.000000,0.000000,-0.300000
1754150906.651655,0.220000,0.000000,0.000000,0.000000,0.000000,-0.300000
1754150906.751919,0.220000,0.000000,0.000000,0.000000,0.000000,-0.300000
1754150906.852293,0.220000,0.000000,0.000000,0.000000,0.000000,-0.300000
1754150906.952571,0.220000,0.000000,0.000000,0.000000,0.000000,-0.300000
1754150907.053023,0.220000,0.000000,0.000000,0.000000,0.000000,-0.300000
1754150907.153196,0.220000,0.000000,0.000000,0.000000,0.000000,-0.300000
1754150907.253522,0.220000,0.000000,0.000000,0.000000,0.000000,-0.300000
1754150907.353830,0.220000,0.000000,0.000000,0.000000,0.000000,-0.300000
1754150907.454500,0.220000,0.000000,0.000000,0.000000,0.000000,-0.300000
1754150907.506810,0.220000,0.000000,0.000000,0.000000,0.000000,-0.250000
1754150907.608018,0.220000,0.000000,0.000000,0.000000,0.000000,-0.200000
1754150907.708793,0.220000,0.000000,0.000000,0.000000,0.000000,-0.200000
1754150907.808914,0.220000,0.000000,0.000000,0.000000,0.000000,-0.200000
1754150907.909233,0.220000,0.000000,0.000000,0.000000,0.000000,-0.200000
1754150907.928903,0.220000,0.000000,0.000000,0.000000,0.000000,-0.150000
1754150908.029627,0.220000,0.000000,0.000000,0.000000,0.000000,-0.100000
1754150908.129640,0.220000,0.000000,0.000000,0.000000,0.000000,-0.100000
1754150908.229937,0.220000,0.000000,0.000000,0.000000,0.000000,-0.100000
1754150908.330339,0.220000,0.000000,0.000000,0.000000,0.000000,-0.100000
1754150908.430876,0.220000,0.000000,0.000000,0.000000,0.000000,-0.100000
1754150908.531173,0.220000,0.000000,0.000000,0.000000,0.000000,-0.100000
1754150908.631472,0.220000,0.000000,0.000000,0.000000,0.000000,-0.100000
1754150908.695032,0.220000,0.000000,0.000000,0.000000,0.000000,-0.050000
1754150908.795337,0.220000,0.000000,0.000000,0.000000,0.000000,-0.000000
1754150908.895715,0.220000,0.000000,0.000000,0.000000,0.000000,-0.000000
1754150908.995999,0.220000,0.000000,0.000000,0.000000,0.000000,-0.000000
1754150909.096360,0.220000,0.000000,0.000000,0.000000,0.000000,-0.000000
1754150909.196616,0.220000,0.000000,0.000000,0.000000,0.000000,-0.000000
1754150909.297029,0.220000,0.000000,0.000000,0.000000,0.000000,-0.000000
1754150909.397267,0.220000,0.000000,0.000000,0.000000,0.000000,-0.000000
1754150909.497604,0.220000,0.000000,0.000000,0.000000,0.000000,-0.000000
1754150909.598404,0.220000,0.000000,0.000000,0.000000,0.000000,-0.000000
1754150909.698242,0.220000,0.000000,0.000000,0.000000,0.000000,-0.000000
1754150909.798452,0.220000,0.000000,0.000000,0.000000,0.000000,-0.000000
1754150909.898845,0.220000,0.000000,0.000000,0.000000,0.000000,-0.000000
1754150909.999789,0.220000,0.000000,0.000000,0.000000,0.000000,-0.000000
1754150910.099553,0.220000,0.000000,0.000000,0.000000,0.000000,-0.000000
1754150910.199857,0.220000,0.000000,0.000000,0.000000,0.000000,-0.000000
1754150910.300266,0.220000,0.000000,0.000000,0.000000,0.000000,-0.000000
1754150910.400692,0.220000,0.000000,0.000000,0.000000,0.000000,-0.000000
1754150910.500939,0.220000,0.000000,0.000000,0.000000,0.000000,-0.000000
1754150910.601351,0.220000,0.000000,0.000000,0.000000,0.000000,-0.000000
1754150910.701591,0.220000,0.000000,0.000000,0.000000,0.000000,-0.000000
1754150910.801968,0.220000,0.000000,0.000000,0.000000,0.000000,-0.000000
1754150910.902274,0.220000,0.000000,0.000000,0.000000,0.000000,-0.000000
1754150911.002558,0.220000,0.000000,0.000000,0.000000,0.000000,-0.000000
1754150911.103104,0.220000,0.000000,0.000000,0.000000,0.000000,-0.000000
1754150911.205043,0.220000,0.000000,0.000000,0.000000,0.000000,-0.000000
1754150911.304253,0.220000,0.000000,0.000000,0.000000,0.000000,-0.000000
1754150911.404769,0.220000,0.000000,0.000000,0.000000,0.000000,-0.000000
1754150911.505025,0.220000,0.000000,0.000000,0.000000,0.000000,-0.000000
1754150911.605319,0.220000,0.000000,0.000000,0.000000,0.000000,-0.000000
1754150911.705611,0.220000,0.000000,0.000000,0.000000,0.000000,-0.000000
1754150911.806390,0.220000,0.000000,0.000000,0.000000,0.000000,-0.000000
1754150911.906206,0.220000,0.000000,0.000000,0.000000,0.000000,-0.000000
1754150912.007039,0.220000,0.000000,0.000000,0.000000,0.000000,-0.000000
1754150912.107288,0.220000,0.000000,0.000000,0.000000,0.000000,-0.000000
1754150912.207751,0.220000,0.000000,0.000000,0.000000,0.000000,-0.000000
1754150912.308003,0.220000,0.000000,0.000000,0.000000,0.000000,-0.000000
1754150912.408359,0.220000,0.000000,0.000000,0.000000,0.000000,-0.000000
1754150912.508773,0.220000,0.000000,0.000000,0.000000,0.000000,-0.000000
1754150912.609032,0.220000,0.000000,0.000000,0.000000,0.000000,-0.000000
1754150912.709330,0.220000,0.000000,0.000000,0.000000,0.000000,-0.000000
1754150912.809741,0.220000,0.000000,0.000000,0.000000,0.000000,-0.000000
1754150912.910073,0.220000,0.000000,0.000000,0.000000,0.000000,-0.000000
1754150913.010739,0.220000,0.000000,0.000000,0.000000,0.000000,-0.000000
1754150913.110656,0.220000,0.000000,0.000000,0.000000,0.000000,-0.000000
1754150913.210918,0.220000,0.000000,0.000000,0.000000,0.000000,-0.000000
1754150913.311599,0.220000,0.000000,0.000000,0.000000,0.000000,-0.000000
1754150913.411608,0.220000,0.000000,0.000000,0.000000,0.000000,-0.000000
1754150913.512011,0.220000,0.000000,0.000000,0.000000,0.000000,-0.000000
1754150913.612988,0.220000,0.000000,0.000000,0.000000,0.000000,-0.000000
1754150913.712787,0.220000,0.000000,0.000000,0.000000,0.000000,-0.000000
1754150913.813576,0.220000,0.000000,0.000000,0.000000,0.000000,-0.000000
1754150913.913668,0.220000,0.000000,0.000000,0.000000,0.000000,-0.000000
1754150914.015438,0.220000,0.000000,0.000000,0.000000,0.000000,-0.000000
1754150914.114417,0.220000,0.000000,0.000000,0.000000,0.000000,-0.000000
1754150914.214487,0.220000,0.000000,0.000000,0.000000,0.000000,-0.000000
1754150914.315421,0.220000,0.000000,0.000000,0.000000,0.000000,-0.000000
1754150914.415489,0.220000,0.000000,0.000000,0.000000,0.000000,-0.000000
1754150914.515944,0.220000,0.000000,0.000000,0.000000,0.000000,-0.000000
1754150914.616273,0.220000,0.000000,0.000000,0.000000,0.000000,-0.000000
1754150914.716663,0.220000,0.000000,0.000000,0.000000,0.000000,-0.000000
1754150914.817152,0.220000,0.000000,0.000000,0.000000,0.000000,-0.000000
1754150914.917429,0.220000,0.000000,0.000000,0.000000,0.000000,-0.000000
1754150915.017724,0.220000,0.000000,0.000000,0.000000,0.000000,-0.000000
1754150915.118075,0.220000,0.000000,0.000000,0.000000,0.000000,-0.000000
1754150915.218482,0.220000,0.000000,0.000000,0.000000,0.000000,-0.000000
1754150915.318710,0.220000,0.000000,0.000000,0.000000,0.000000,-0.000000
1754150915.419566,0.220000,0.000000,0.000000,0.000000,0.000000,-0.000000
1754150915.520499,0.220000,0.000000,0.000000,0.000000,0.000000,-0.000000
1754150915.620567,0.220000,0.000000,0.000000,0.000000,0.000000,-0.000000
1754150915.721147,0.220000,0.000000,0.000000,0.000000,0.000000,-0.000000
1754150915.821280,0.220000,0.000000,0.000000,0.000000,0.000000,-0.000000
1754150915.921504,0.220000,0.000000,0.000000,0.000000,0.000000,-0.000000
1754150916.021854,0.220000,0.000000,0.000000,0.000000,0.000000,-0.000000
1754150916.122456,0.220000,0.000000,0.000000,0.000000,0.000000,-0.000000
1754150916.223190,0.220000,0.000000,0.000000,0.000000,0.000000,-0.000000
1754150916.323344,0.220000,0.000000,0.000000,0.000000,0.000000,-0.000000
1754150916.423605,0.220000,0.000000,0.000000,0.000000,0.000000,-0.000000
1754150916.524198,0.220000,0.000000,0.000000,0.000000,0.000000,-0.000000
1754150916.624489,0.220000,0.000000,0.000000,0.000000,0.000000,-0.000000
1754150916.725386,0.220000,0.000000,0.000000,0.000000,0.000000,-0.000000
1754150916.825384,0.220000,0.000000,0.000000,0.000000,0.000000,-0.000000
1754150916.928027,0.220000,0.000000,0.000000,0.000000,0.000000,-0.000000
1754150917.026197,0.220000,0.000000,0.000000,0.000000,0.000000,-0.000000
1754150917.126422,0.220000,0.000000,0.000000,0.000000,0.000000,-0.000000
1754150917.227366,0.220000,0.000000,0.000000,0.000000,0.000000,-0.000000
1754150917.327894,0.220000,0.000000,0.000000,0.000000,0.000000,-0.000000
1754150917.427456,0.220000,0.000000,0.000000,0.000000,0.000000,-0.000000
1754150917.527696,0.220000,0.000000,0.000000,0.000000,0.000000,-0.000000
1754150917.628215,0.220000,0.000000,0.000000,0.000000,0.000000,-0.000000
1754150917.703639,0.220000,0.000000,0.000000,0.000000,0.000000,-0.050000
1754150917.803930,0.220000,0.000000,0.000000,0.000000,0.000000,-0.100000
1754150917.904363,0.220000,0.000000,0.000000,0.000000,0.000000,-0.100000
1754150918.004490,0.220000,0.000000,0.000000,0.000000,0.000000,-0.100000
1754150918.104751,0.220000,0.000000,0.000000,0.000000,0.000000,-0.100000
1754150918.205477,0.220000,0.000000,0.000000,0.000000,0.000000,-0.100000
1754150918.305826,0.220000,0.000000,0.000000,0.000000,0.000000,-0.100000
1754150918.338121,0.220000,0.000000,0.000000,0.000000,0.000000,-0.150000
1754150918.438083,0.220000,0.000000,0.000000,0.000000,0.000000,-0.200000
1754150918.538814,0.220000,0.000000,0.000000,0.000000,0.000000,-0.200000
1754150918.639921,0.220000,0.000000,0.000000,0.000000,0.000000,-0.200000
1754150918.740503,0.220000,0.000000,0.000000,0.000000,0.000000,-0.200000
1754150918.840752,0.220000,0.000000,0.000000,0.000000,0.000000,-0.200000
1754150918.941204,0.220000,0.000000,0.000000,0.000000,0.000000,-0.200000
1754150919.041500,0.220000,0.000000,0.000000,0.000000,0.000000,-0.200000
1754150919.141877,0.220000,0.000000,0.000000,0.000000,0.000000,-0.200000
1754150919.235011,0.220000,0.000000,0.000000,0.000000,0.000000,-0.250000
1754150919.334778,0.220000,0.000000,0.000000,0.000000,0.000000,-0.300000
1754150919.435081,0.220000,0.000000,0.000000,0.000000,0.000000,-0.300000
1754150919.535450,0.220000,0.000000,0.000000,0.000000,0.000000,-0.300000
1754150919.635568,0.220000,0.000000,0.000000,0.000000,0.000000,-0.300000
1754150919.734056,0.220000,0.000000,0.000000,0.000000,0.000000,-0.350000
1754150919.764863,0.220000,0.000000,0.000000,0.000000,0.000000,-0.400000
1754150919.864811,0.220000,0.000000,0.000000,0.000000,0.000000,-0.450000
1754150919.965261,0.220000,0.000000,0.000000,0.000000,0.000000,-0.500000
1754150920.065727,0.220000,0.000000,0.000000,0.000000,0.000000,-0.500000
1754150920.166145,0.220000,0.000000,0.000000,0.000000,0.000000,-0.500000
1754150920.266360,0.220000,0.000000,0.000000,0.000000,0.000000,-0.500000
1754150920.366672,0.220000,0.000000,0.000000,0.000000,0.000000,-0.500000
1754150920.467016,0.220000,0.000000,0.000000,0.000000,0.000000,-0.500000
1754150920.567289,0.220000,0.000000,0.000000,0.000000,0.000000,-0.500000
1754150920.667581,0.220000,0.000000,0.000000,0.000000,0.000000,-0.500000
1754150920.768503,0.220000,0.000000,0.000000,0.000000,0.000000,-0.500000
1754150920.868869,0.220000,0.000000,0.000000,0.000000,0.000000,-0.500000
1754150920.969085,0.220000,0.000000,0.000000,0.000000,0.000000,-0.500000
1754150921.069639,0.220000,0.000000,0.000000,0.000000,0.000000,-0.500000
1754150921.169662,0.220000,0.000000,0.000000,0.000000,0.000000,-0.500000
1754150921.270041,0.220000,0.000000,0.000000,0.000000,0.000000,-0.500000
1754150921.370247,0.220000,0.000000,0.000000,0.000000,0.000000,-0.500000
1754150921.471874,0.220000,0.000000,0.000000,0.000000,0.000000,-0.500000
1754150921.571417,0.220000,0.000000,0.000000,0.000000,0.000000,-0.500000
1754150921.671702,0.220000,0.000000,0.000000,0.000000,0.000000,-0.500000
1754150921.772052,0.220000,0.000000,0.000000,0.000000,0.000000,-0.500000
1754150921.872293,0.220000,0.000000,0.000000,0.000000,0.000000,-0.500000
1754150921.972646,0.220000,0.000000,0.000000,0.000000,0.000000,-0.500000
1754150921.991762,0.220000,0.000000,0.000000,0.000000,0.000000,-0.450000
1754150922.092099,0.220000,0.000000,0.000000,0.000000,0.000000,-0.400000
1754150922.192342,0.220000,0.000000,0.000000,0.000000,0.000000,-0.400000
1754150922.292603,0.220000,0.000000,0.000000,0.000000,0.000000,-0.400000
1754150922.344652,0.220000,0.000000,0.000000,0.000000,0.000000,-0.350000
1754150922.445304,0.220000,0.000000,0.000000,0.000000,0.000000,-0.300000
1754150922.545470,0.220000,0.000000,0.000000,0.000000,0.000000,-0.300000
1754150922.645991,0.220000,0.000000,0.000000,0.000000,0.000000,-0.300000
1754150922.705086,0.220000,0.000000,0.000000,0.000000,0.000000,-0.250000
1754150922.805536,0.220000,0.000000,0.000000,0.000000,0.000000,-0.200000
1754150922.905789,0.220000,0.000000,0.000000,0.000000,0.000000,-0.200000
1754150922.955938,0.220000,0.000000,0.000000,0.000000,0.000000,-0.150000
1754150923.054235,0.220000,0.000000,0.000000,0.000000,0.000000,-0.100000
1754150923.154669,0.220000,0.000000,0.000000,0.000000,0.000000,-0.100000
1754150923.254976,0.220000,0.000000,0.000000,0.000000,0.000000,-0.100000
1754150923.265837,0.220000,0.000000,0.000000,0.000000,0.000000,-0.050000
1754150923.365967,0.220000,0.000000,0.000000,0.000000,0.000000,-0.000000
1754150923.466649,0.220000,0.000000,0.000000,0.000000,0.000000,-0.000000
1754150923.512257,0.220000,0.000000,0.000000,0.000000,0.000000,0.050000
1754150923.612672,0.220000,0.000000,0.000000,0.000000,0.000000,0.100000
1754150923.713123,0.220000,0.000000,0.000000,0.000000,0.000000,0.100000
1754150923.813479,0.220000,0.000000,0.000000,0.000000,0.000000,0.100000
1754150923.913774,0.220000,0.000000,0.000000,0.000000,0.000000,0.100000
1754150924.015347,0.220000,0.000000,0.000000,0.000000,0.000000,0.100000
1754150924.115536,0.220000,0.000000,0.000000,0.000000,0.000000,0.100000
1754150924.215593,0.220000,0.000000,0.000000,0.000000,0.000000,0.100000
1754150924.296613,0.220000,0.000000,0.000000,0.000000,0.000000,0.050000
1754150924.398209,0.220000,0.000000,0.000000,0.000000,0.000000,-0.000000
1754150924.497051,0.220000,0.000000,0.000000,0.000000,0.000000,-0.000000
1754150924.597394,0.220000,0.000000,0.000000,0.000000,0.000000,-0.000000
1754150924.697722,0.220000,0.000000,0.000000,0.000000,0.000000,-0.000000
1754150924.798434,0.220000,0.000000,0.000000,0.000000,0.000000,-0.000000
1754150924.898601,0.220000,0.000000,0.000000,0.000000,0.000000,0.050000
1754150924.998280,0.220000,0.000000,0.000000,0.000000,0.000000,0.100000
1754150925.098327,0.220000,0.000000,0.000000,0.000000,0.000000,0.100000
1754150925.198892,0.220000,0.000000,0.000000,0.000000,0.000000,0.100000
1754150925.298930,0.220000,0.000000,0.000000,0.000000,0.000000,0.100000
1754150925.399277,0.220000,0.000000,0.000000,0.000000,0.000000,0.100000
1754150925.499581,0.220000,0.000000,0.000000,0.000000,0.000000,0.100000
1754150925.600729,0.220000,0.000000,0.000000,0.000000,0.000000,0.100000
1754150925.700198,0.220000,0.000000,0.000000,0.000000,0.000000,0.100000
1754150925.800453,0.220000,0.000000,0.000000,0.000000,0.000000,0.100000
1754150925.901642,0.220000,0.000000,0.000000,0.000000,0.000000,0.100000
1754150926.002145,0.220000,0.000000,0.000000,0.000000,0.000000,0.100000
1754150926.102124,0.220000,0.000000,0.000000,0.000000,0.000000,0.100000
1754150926.202416,0.220000,0.000000,0.000000,0.000000,0.000000,0.100000
1754150926.241796,0.220000,0.000000,0.000000,0.000000,0.000000,0.150000
1754150926.342219,0.220000,0.000000,0.000000,0.000000,0.000000,0.200000
1754150926.442886,0.220000,0.000000,0.000000,0.000000,0.000000,0.200000
1754150926.544048,0.220000,0.000000,0.000000,0.000000,0.000000,0.200000
1754150926.626235,0.220000,0.000000,0.000000,0.000000,0.000000,0.150000
1754150926.726529,0.220000,0.000000,0.000000,0.000000,0.000000,0.100000
1754150926.826890,0.220000,0.000000,0.000000,0.000000,0.000000,0.100000
1754150926.866804,0.220000,0.000000,0.000000,0.000000,0.000000,0.050000
1754150926.967009,0.220000,0.000000,0.000000,0.000000,0.000000,-0.000000
1754150927.067616,0.220000,0.000000,0.000000,0.000000,0.000000,-0.000000
1754150927.167862,0.220000,0.000000,0.000000,0.000000,0.000000,-0.000000
1754150927.255886,0.220000,0.000000,0.000000,0.000000,0.000000,-0.050000
1754150927.356201,0.220000,0.000000,0.000000,0.000000,0.000000,-0.100000
1754150927.456581,0.220000,0.000000,0.000000,0.000000,0.000000,-0.100000
1754150927.557164,0.220000,0.000000,0.000000,0.000000,0.000000,-0.100000
1754150927.561113,0.220000,0.000000,0.000000,0.000000,0.000000,-0.150000
1754150927.660898,0.220000,0.000000,0.000000,0.000000,0.000000,-0.200000
1754150927.761271,0.220000,0.000000,0.000000,0.000000,0.000000,-0.200000
1754150927.861690,0.220000,0.000000,0.000000,0.000000,0.000000,-0.200000
1754150927.961919,0.220000,0.000000,0.000000,0.000000,0.000000,-0.200000
1754150928.062501,0.220000,0.000000,0.000000,0.000000,0.000000,-0.200000
1754150928.163506,0.220000,0.000000,0.000000,0.000000,0.000000,-0.200000
1754150928.208903,0.220000,0.000000,0.000000,0.000000,0.000000,-0.150000
1754150928.309228,0.220000,0.000000,0.000000,0.000000,0.000000,-0.100000
1754150928.409729,0.220000,0.000000,0.000000,0.000000,0.000000,-0.100000
1754150928.510349,0.220000,0.000000,0.000000,0.000000,0.000000,-0.100000
1754150928.584398,0.220000,0.000000,0.000000,0.000000,0.000000,-0.050000
1754150928.686422,0.220000,0.000000,0.000000,0.000000,0.000000,-0.000000
1754150928.785828,0.220000,0.000000,0.000000,0.000000,0.000000,-0.000000
1754150928.817908,0.220000,0.000000,0.000000,0.000000,0.000000,0.050000
1754150928.918203,0.220000,0.000000,0.000000,0.000000,0.000000,0.100000
1754150929.018442,0.220000,0.000000,0.000000,0.000000,0.000000,0.100000
1754150929.119245,0.220000,0.000000,0.000000,0.000000,0.000000,0.100000
1754150929.219539,0.220000,0.000000,0.000000,0.000000,0.000000,0.100000
1754150929.319883,0.220000,0.000000,0.000000,0.000000,0.000000,0.100000
1754150929.420663,0.220000,0.000000,0.000000,0.000000,0.000000,0.100000
1754150929.520675,0.220000,0.000000,0.000000,0.000000,0.000000,0.100000
1754150929.620972,0.220000,0.000000,0.000000,0.000000,0.000000,0.100000
1754150929.721431,0.220000,0.000000,0.000000,0.000000,0.000000,0.100000
1754150929.793608,0.220000,0.000000,0.000000,0.000000,0.000000,0.050000
1754150929.894030,0.220000,0.000000,0.000000,0.000000,0.000000,-0.000000
1754150929.994507,0.220000,0.000000,0.000000,0.000000,0.000000,-0.000000
1754150930.094821,0.220000,0.000000,0.000000,0.000000,0.000000,-0.000000
1754150930.195072,0.220000,0.000000,0.000000,0.000000,0.000000,-0.000000
1754150930.295388,0.220000,0.000000,0.000000,0.000000,0.000000,-0.000000
1754150930.395664,0.220000,0.000000,0.000000,0.000000,0.000000,-0.000000
1754150930.496183,0.220000,0.000000,0.000000,0.000000,0.000000,-0.000000
1754150930.596401,0.220000,0.000000,0.000000,0.000000,0.000000,-0.000000
1754150930.696752,0.220000,0.000000,0.000000,0.000000,0.000000,-0.000000
1754150930.797101,0.220000,0.000000,0.000000,0.000000,0.000000,-0.000000
1754150930.897401,0.220000,0.000000,0.000000,0.000000,0.000000,-0.000000
1754150930.997613,0.220000,0.000000,0.000000,0.000000,0.000000,-0.000000
1754150931.097861,0.220000,0.000000,0.000000,0.000000,0.000000,-0.000000
1754150931.200023,0.220000,0.000000,0.000000,0.000000,0.000000,-0.000000
1754150931.202088,0.220000,0.000000,0.000000,0.000000,0.000000,-0.050000
1754150931.301908,0.220000,0.000000,0.000000,0.000000,0.000000,-0.100000
1754150931.402475,0.220000,0.000000,0.000000,0.000000,0.000000,-0.100000
1754150931.503793,0.220000,0.000000,0.000000,0.000000,0.000000,-0.100000
1754150931.544277,0.220000,0.000000,0.000000,0.000000,0.000000,-0.150000
1754150931.644427,0.220000,0.000000,0.000000,0.000000,0.000000,-0.200000
1754150931.744773,0.220000,0.000000,0.000000,0.000000,0.000000,-0.200000
1754150931.845071,0.220000,0.000000,0.000000,0.000000,0.000000,-0.200000
1754150931.945334,0.220000,0.000000,0.000000,0.000000,0.000000,-0.200000
1754150932.045733,0.220000,0.000000,0.000000,0.000000,0.000000,-0.200000
1754150932.146053,0.220000,0.000000,0.000000,0.000000,0.000000,-0.200000
1754150932.246325,0.220000,0.000000,0.000000,0.000000,0.000000,-0.200000
1754150932.346696,0.220000,0.000000,0.000000,0.000000,0.000000,-0.200000
1754150932.425260,0.220000,0.000000,0.000000,0.000000,0.000000,-0.250000
1754150932.525277,0.220000,0.000000,0.000000,0.000000,0.000000,-0.300000
1754150932.625627,0.220000,0.000000,0.000000,0.000000,0.000000,-0.300000
1754150932.725918,0.220000,0.000000,0.000000,0.000000,0.000000,-0.300000
1754150932.826218,0.220000,0.000000,0.000000,0.000000,0.000000,-0.300000
1754150932.933460,0.220000,0.000000,0.000000,0.000000,0.000000,-0.300000
1754150933.028551,0.220000,0.000000,0.000000,0.000000,0.000000,-0.300000
1754150933.128841,0.220000,0.000000,0.000000,0.000000,0.000000,-0.300000
1754150933.229209,0.220000,0.000000,0.000000,0.000000,0.000000,-0.300000
1754150933.329493,0.220000,0.000000,0.000000,0.000000,0.000000,-0.300000
1754150933.429752,0.220000,0.000000,0.000000,0.000000,0.000000,-0.300000
1754150933.530039,0.220000,0.000000,0.000000,0.000000,0.000000,-0.300000
1754150933.631555,0.220000,0.000000,0.000000,0.000000,0.000000,-0.300000
1754150933.730926,0.220000,0.000000,0.000000,0.000000,0.000000,-0.300000
1754150933.801041,0.220000,0.000000,0.000000,0.000000,0.000000,-0.250000
1754150933.900479,0.220000,0.000000,0.000000,0.000000,0.000000,-0.200000
1754150934.000751,0.220000,0.000000,0.000000,0.000000,0.000000,-0.200000
1754150934.101021,0.220000,0.000000,0.000000,0.000000,0.000000,-0.200000
1754150934.201299,0.220000,0.000000,0.000000,0.000000,0.000000,-0.200000
1754150934.273799,0.220000,0.000000,0.000000,0.000000,0.000000,-0.150000
1754150934.373592,0.220000,0.000000,0.000000,0.000000,0.000000,-0.100000
1754150934.473966,0.220000,0.000000,0.000000,0.000000,0.000000,-0.100000
1754150934.574937,0.220000,0.000000,0.000000,0.000000,0.000000,-0.100000
1754150934.675422,0.220000,0.000000,0.000000,0.000000,0.000000,-0.100000
1754150934.728272,0.220000,0.000000,0.000000,0.000000,0.000000,-0.050000
1754150934.828674,0.220000,0.000000,0.000000,0.000000,0.000000,-0.000000
1754150934.928846,0.220000,0.000000,0.000000,0.000000,0.000000,-0.000000
1754150935.029103,0.220000,0.000000,0.000000,0.000000,0.000000,-0.000000
1754150935.129561,0.220000,0.000000,0.000000,0.000000,0.000000,-0.000000
1754150935.230513,0.220000,0.000000,0.000000,0.000000,0.000000,-0.000000
1754150935.331197,0.220000,0.000000,0.000000,0.000000,0.000000,-0.000000
1754150935.335944,0.220000,0.000000,0.000000,0.000000,0.000000,-0.050000
1754150935.436032,0.220000,0.000000,0.000000,0.000000,0.000000,-0.100000
1754150935.536211,0.220000,0.000000,0.000000,0.000000,0.000000,-0.100000
1754150935.636513,0.220000,0.000000,0.000000,0.000000,0.000000,-0.100000
1754150935.736836,0.220000,0.000000,0.000000,0.000000,0.000000,-0.100000
1754150935.767585,0.220000,0.000000,0.000000,0.000000,0.000000,-0.150000
1754150935.867836,0.220000,0.000000,0.000000,0.000000,0.000000,-0.200000
1754150935.968914,0.220000,0.000000,0.000000,0.000000,0.000000,-0.200000
1754150936.068559,0.220000,0.000000,0.000000,0.000000,0.000000,-0.200000
1754150936.168735,0.220000,0.000000,0.000000,0.000000,0.000000,-0.200000
1754150936.270376,0.220000,0.000000,0.000000,0.000000,0.000000,-0.200000
1754150936.370281,0.220000,0.000000,0.000000,0.000000,0.000000,-0.200000
1754150936.470567,0.220000,0.000000,0.000000,0.000000,0.000000,-0.200000
1754150936.570809,0.220000,0.000000,0.000000,0.000000,0.000000,-0.200000
1754150936.671622,0.220000,0.000000,0.000000,0.000000,0.000000,-0.200000
1754150936.771604,0.220000,0.000000,0.000000,0.000000,0.000000,-0.200000
1754150936.871908,0.220000,0.000000,0.000000,0.000000,0.000000,-0.200000
1754150936.972303,0.220000,0.000000,0.000000,0.000000,0.000000,-0.200000
1754150937.073178,0.220000,0.000000,0.000000,0.000000,0.000000,-0.200000
1754150937.173425,0.220000,0.000000,0.000000,0.000000,0.000000,-0.200000
1754150937.273783,0.220000,0.000000,0.000000,0.000000,0.000000,-0.200000
1754150937.375385,0.220000,0.000000,0.000000,0.000000,0.000000,-0.200000
1754150937.475292,0.220000,0.000000,0.000000,0.000000,0.000000,-0.200000
1754150937.575773,0.220000,0.000000,0.000000,0.000000,0.000000,-0.200000
1754150937.676240,0.220000,0.000000,0.000000,0.000000,0.000000,-0.200000
1754150937.776483,0.220000,0.000000,0.000000,0.000000,0.000000,-0.200000
1754150937.876737,0.220000,0.000000,0.000000,0.000000,0.000000,-0.200000
1754150937.977169,0.220000,0.000000,0.000000,0.000000,0.000000,-0.200000
1754150938.077472,0.220000,0.000000,0.000000,0.000000,0.000000,-0.200000
1754150938.178754,0.220000,0.000000,0.000000,0.000000,0.000000,-0.200000
1754150938.278927,0.220000,0.000000,0.000000,0.000000,0.000000,-0.200000
1754150938.379467,0.220000,0.000000,0.000000,0.000000,0.000000,-0.200000
1754150938.480328,0.220000,0.000000,0.000000,0.000000,0.000000,-0.200000
1754150938.580217,0.220000,0.000000,0.000000,0.000000,0.000000,-0.200000
1754150938.680526,0.220000,0.000000,0.000000,0.000000,0.000000,-0.200000
1754150938.780887,0.220000,0.000000,0.000000,0.000000,0.000000,-0.200000
1754150938.881973,0.220000,0.000000,0.000000,0.000000,0.000000,-0.200000
1754150938.981918,0.220000,0.000000,0.000000,0.000000,0.000000,-0.200000
1754150939.082052,0.220000,0.000000,0.000000,0.000000,0.000000,-0.200000
1754150939.182420,0.220000,0.000000,0.000000,0.000000,0.000000,-0.200000
1754150939.282606,0.220000,0.000000,0.000000,0.000000,0.000000,-0.200000
1754150939.382994,0.220000,0.000000,0.000000,0.000000,0.000000,-0.200000
1754150939.483312,0.220000,0.000000,0.000000,0.000000,0.000000,-0.200000
1754150939.583781,0.220000,0.000000,0.000000,0.000000,0.000000,-0.200000
1754150939.684647,0.220000,0.000000,0.000000,0.000000,0.000000,-0.200000
1754150939.688730,0.220000,0.000000,0.000000,0.000000,0.000000,-0.150000
1754150939.794461,0.220000,0.000000,0.000000,0.000000,0.000000,-0.100000
1754150939.889499,0.220000,0.000000,0.000000,0.000000,0.000000,-0.100000
1754150939.989834,0.220000,0.000000,0.000000,0.000000,0.000000,-0.100000
1754150940.090089,0.220000,0.000000,0.000000,0.000000,0.000000,-0.100000
1754150940.191008,0.220000,0.000000,0.000000,0.000000,0.000000,-0.100000
1754150940.291240,0.220000,0.000000,0.000000,0.000000,0.000000,-0.100000
1754150940.391527,0.220000,0.000000,0.000000,0.000000,0.000000,-0.100000
1754150940.491856,0.220000,0.000000,0.000000,0.000000,0.000000,-0.100000
1754150940.592217,0.220000,0.000000,0.000000,0.000000,0.000000,-0.100000
1754150940.592893,0.220000,0.000000,0.000000,0.000000,0.000000,-0.050000
1754150940.693234,0.220000,0.000000,0.000000,0.000000,0.000000,-0.000000
1754150940.793566,0.220000,0.000000,0.000000,0.000000,0.000000,-0.000000
1754150940.894169,0.220000,0.000000,0.000000,0.000000,0.000000,-0.000000
1754150940.994280,0.220000,0.000000,0.000000,0.000000,0.000000,-0.000000
1754150941.094918,0.220000,0.000000,0.000000,0.000000,0.000000,-0.000000
1754150941.194803,0.220000,0.000000,0.000000,0.000000,0.000000,-0.000000
1754150941.295162,0.220000,0.000000,0.000000,0.000000,0.000000,-0.000000
1754150941.395380,0.220000,0.000000,0.000000,0.000000,0.000000,-0.000000
1754150941.495725,0.220000,0.000000,0.000000,0.000000,0.000000,-0.000000
1754150941.596088,0.220000,0.000000,0.000000,0.000000,0.000000,-0.000000
1754150941.696415,0.220000,0.000000,0.000000,0.000000,0.000000,-0.000000
1754150941.796878,0.220000,0.000000,0.000000,0.000000,0.000000,-0.000000
1754150941.896965,0.220000,0.000000,0.000000,0.000000,0.000000,-0.000000
1754150941.997430,0.220000,0.000000,0.000000,0.000000,0.000000,-0.000000
1754150942.097619,0.220000,0.000000,0.000000,0.000000,0.000000,-0.000000
1754150942.177312,0.220000,0.000000,0.000000,0.000000,0.000000,0.050000
1754150942.277531,0.220000,0.000000,0.000000,0.000000,0.000000,0.100000
1754150942.377871,0.220000,0.000000,0.000000,0.000000,0.000000,0.100000
1754150942.478717,0.220000,0.000000,0.000000,0.000000,0.000000,0.100000
1754150942.578689,0.220000,0.000000,0.000000,0.000000,0.000000,0.100000
1754150942.679005,0.220000,0.000000,0.000000,0.000000,0.000000,0.100000
1754150942.779479,0.220000,0.000000,0.000000,0.000000,0.000000,0.100000
1754150942.880089,0.220000,0.000000,0.000000,0.000000,0.000000,0.100000
1754150942.980259,0.220000,0.000000,0.000000,0.000000,0.000000,0.100000
1754150943.080442,0.220000,0.000000,0.000000,0.000000,0.000000,0.100000
1754150943.180794,0.220000,0.000000,0.000000,0.000000,0.000000,0.100000
1754150943.281727,0.220000,0.000000,0.000000,0.000000,0.000000,0.100000
1754150943.382318,0.220000,0.000000,0.000000,0.000000,0.000000,0.100000
1754150943.482350,0.220000,0.000000,0.000000,0.000000,0.000000,0.100000
1754150943.583206,0.220000,0.000000,0.000000,0.000000,0.000000,0.100000
1754150943.608917,0.220000,0.000000,0.000000,0.000000,0.000000,0.050000
1754150943.711055,0.220000,0.000000,0.000000,0.000000,0.000000,-0.000000
1754150943.809652,0.220000,0.000000,0.000000,0.000000,0.000000,-0.000000
1754150943.910088,0.220000,0.000000,0.000000,0.000000,0.000000,-0.000000
1754150943.937104,0.220000,0.000000,0.000000,0.000000,0.000000,-0.050000
1754150944.037301,0.220000,0.000000,0.000000,0.000000,0.000000,-0.100000
1754150944.137727,0.220000,0.000000,0.000000,0.000000,0.000000,-0.100000
1754150944.238041,0.220000,0.000000,0.000000,0.000000,0.000000,-0.100000
1754150944.338316,0.220000,0.000000,0.000000,0.000000,0.000000,-0.100000
1754150944.438799,0.220000,0.000000,0.000000,0.000000,0.000000,-0.100000
1754150944.538921,0.220000,0.000000,0.000000,0.000000,0.000000,-0.100000
1754150944.640931,0.220000,0.000000,0.000000,0.000000,0.000000,-0.100000
1754150944.741016,0.220000,0.000000,0.000000,0.000000,0.000000,-0.100000
1754150944.840986,0.220000,0.000000,0.000000,0.000000,0.000000,-0.100000
1754150944.941660,0.220000,0.000000,0.000000,0.000000,0.000000,-0.100000
1754150944.993663,0.220000,0.000000,0.000000,0.000000,0.000000,-0.150000
1754150945.093682,0.220000,0.000000,0.000000,0.000000,0.000000,-0.200000
1754150945.193999,0.220000,0.000000,0.000000,0.000000,0.000000,-0.200000
1754150945.294819,0.220000,0.000000,0.000000,0.000000,0.000000,-0.200000
1754150945.394882,0.220000,0.000000,0.000000,0.000000,0.000000,-0.200000
1754150945.495189,0.220000,0.000000,0.000000,0.000000,0.000000,-0.200000
1754150945.595503,0.220000,0.000000,0.000000,0.000000,0.000000,-0.200000
1754150945.696115,0.220000,0.000000,0.000000,0.000000,0.000000,-0.200000
1754150945.796215,0.220000,0.000000,0.000000,0.000000,0.000000,-0.200000
1754150945.896575,0.220000,0.000000,0.000000,0.000000,0.000000,-0.200000
1754150945.996777,0.220000,0.000000,0.000000,0.000000,0.000000,-0.200000
1754150946.026315,0.220000,0.000000,0.000000,0.000000,0.000000,-0.150000
1754150946.125808,0.220000,0.000000,0.000000,0.000000,0.000000,-0.100000
1754150946.225900,0.220000,0.000000,0.000000,0.000000,0.000000,-0.100000
1754150946.326211,0.220000,0.000000,0.000000,0.000000,0.000000,-0.100000
1754150946.426685,0.220000,0.000000,0.000000,0.000000,0.000000,-0.100000
1754150946.528020,0.220000,0.000000,0.000000,0.000000,0.000000,-0.100000
1754150946.627585,0.220000,0.000000,0.000000,0.000000,0.000000,-0.100000
1754150946.727871,0.220000,0.000000,0.000000,0.000000,0.000000,-0.100000
1754150946.828343,0.220000,0.000000,0.000000,0.000000,0.000000,-0.100000
1754150946.928714,0.220000,0.000000,0.000000,0.000000,0.000000,-0.100000
1754150947.029238,0.220000,0.000000,0.000000,0.000000,0.000000,-0.100000
1754150947.129141,0.220000,0.000000,0.000000,0.000000,0.000000,-0.100000
1754150947.229483,0.220000,0.000000,0.000000,0.000000,0.000000,-0.100000
1754150947.329873,0.220000,0.000000,0.000000,0.000000,0.000000,-0.100000
1754150947.430204,0.220000,0.000000,0.000000,0.000000,0.000000,-0.100000
1754150947.530799,0.220000,0.000000,0.000000,0.000000,0.000000,-0.100000
1754150947.630903,0.220000,0.000000,0.000000,0.000000,0.000000,-0.100000
1754150947.731284,0.220000,0.000000,0.000000,0.000000,0.000000,-0.100000
1754150947.831644,0.220000,0.000000,0.000000,0.000000,0.000000,-0.100000
1754150947.931935,0.220000,0.000000,0.000000,0.000000,0.000000,-0.100000
1754150947.976258,0.220000,0.000000,0.000000,0.000000,0.000000,-0.150000
1754150948.076574,0.220000,0.000000,0.000000,0.000000,0.000000,-0.200000
1754150948.177145,0.220000,0.000000,0.000000,0.000000,0.000000,-0.200000
1754150948.277263,0.220000,0.000000,0.000000,0.000000,0.000000,-0.200000
1754150948.377636,0.220000,0.000000,0.000000,0.000000,0.000000,-0.200000
1754150948.478864,0.220000,0.000000,0.000000,0.000000,0.000000,-0.200000
1754150948.579108,0.220000,0.000000,0.000000,0.000000,0.000000,-0.200000
1754150948.679281,0.220000,0.000000,0.000000,0.000000,0.000000,-0.200000
1754150948.780173,0.220000,0.000000,0.000000,0.000000,0.000000,-0.200000
1754150948.880219,0.220000,0.000000,0.000000,0.000000,0.000000,-0.200000
1754150948.980780,0.220000,0.000000,0.000000,0.000000,0.000000,-0.200000
1754150949.080684,0.220000,0.000000,0.000000,0.000000,0.000000,-0.200000
1754150949.181103,0.220000,0.000000,0.000000,0.000000,0.000000,-0.200000
1754150949.281399,0.220000,0.000000,0.000000,0.000000,0.000000,-0.200000
1754150949.381997,0.220000,0.000000,0.000000,0.000000,0.000000,-0.200000
1754150949.482737,0.220000,0.000000,0.000000,0.000000,0.000000,-0.200000
1754150949.583145,0.220000,0.000000,0.000000,0.000000,0.000000,-0.200000
1754150949.683205,0.220000,0.000000,0.000000,0.000000,0.000000,-0.200000
1754150949.783612,0.220000,0.000000,0.000000,0.000000,0.000000,-0.200000
1754150949.883831,0.220000,0.000000,0.000000,0.000000,0.000000,-0.200000
1754150949.984276,0.220000,0.000000,0.000000,0.000000,0.000000,-0.200000
1754150950.084655,0.220000,0.000000,0.000000,0.000000,0.000000,-0.200000
1754150950.186001,0.220000,0.000000,0.000000,0.000000,0.000000,-0.200000
1754150950.286121,0.220000,0.000000,0.000000,0.000000,0.000000,-0.200000
1754150950.385771,0.220000,0.000000,0.000000,0.000000,0.000000,-0.200000
1754150950.486214,0.220000,0.000000,0.000000,0.000000,0.000000,-0.200000
1754150950.586714,0.220000,0.000000,0.000000,0.000000,0.000000,-0.200000
1754150950.687372,0.220000,0.000000,0.000000,0.000000,0.000000,-0.200000
1754150950.787532,0.220000,0.000000,0.000000,0.000000,0.000000,-0.200000
1754150950.888415,0.220000,0.000000,0.000000,0.000000,0.000000,-0.200000
1754150950.988670,0.220000,0.000000,0.000000,0.000000,0.000000,-0.200000
1754150951.089180,0.220000,0.000000,0.000000,0.000000,0.000000,-0.200000
1754150951.189283,0.220000,0.000000,0.000000,0.000000,0.000000,-0.200000
1754150951.289994,0.220000,0.000000,0.000000,0.000000,0.000000,-0.200000
1754150951.390856,0.220000,0.000000,0.000000,0.000000,0.000000,-0.200000
1754150951.490546,0.220000,0.000000,0.000000,0.000000,0.000000,-0.200000
1754150951.590927,0.220000,0.000000,0.000000,0.000000,0.000000,-0.200000
1754150951.691200,0.220000,0.000000,0.000000,0.000000,0.000000,-0.200000
1754150951.792049,0.220000,0.000000,0.000000,0.000000,0.000000,-0.200000
1754150951.891855,0.220000,0.000000,0.000000,0.000000,0.000000,-0.200000
1754150951.992149,0.220000,0.000000,0.000000,0.000000,0.000000,-0.200000
1754150952.092707,0.220000,0.000000,0.000000,0.000000,0.000000,-0.200000
1754150952.192990,0.220000,0.000000,0.000000,0.000000,0.000000,-0.200000
1754150952.293367,0.220000,0.000000,0.000000,0.000000,0.000000,-0.200000
1754150952.393626,0.220000,0.000000,0.000000,0.000000,0.000000,-0.200000
1754150952.469005,0.000000,0.000000,0.000000,0.000000,0.000000,0.000000
1754150952.568986,0.000000,0.000000,0.000000,0.000000,0.000000,0.000000
1754150952.668921,0.000000,0.000000,0.000000,0.000000,0.000000,0.000000
1754150952.769372,0.000000,0.000000,0.000000,0.000000,0.000000,0.000000
1754150952.869730,0.000000,0.000000,0.000000,0.000000,0.000000,0.000000
1754150952.970219,0.000000,0.000000,0.000000,0.000000,0.000000,0.000000
1754150953.070389,0.000000,0.000000,0.000000,0.000000,0.000000,0.000000
1754150953.170675,0.000000,0.000000,0.000000,0.000000,0.000000,0.000000
1754150953.270949,0.000000,0.000000,0.000000,0.000000,0.000000,0.000000
1754150953.371270,0.000000,0.000000,0.000000,0.000000,0.000000,0.000000
1754150953.471608,0.000000,0.000000,0.000000,0.000000,0.000000,0.000000
1754150953.572397,0.000000,0.000000,0.000000,0.000000,0.000000,0.000000
1754150953.672562,0.000000,0.000000,0.000000,0.000000,0.000000,0.000000
1754150953.773451,0.000000,0.000000,0.000000,0.000000,0.000000,0.000000
1754150953.873407,0.000000,0.000000,0.000000,0.000000,0.000000,0.000000
1754150953.973602,0.000000,0.000000,0.000000,0.000000,0.000000,0.000000
1754150954.073853,0.000000,0.000000,0.000000,0.000000,0.000000,0.000000
1754150954.174563,0.000000,0.000000,0.000000,0.000000,0.000000,0.000000
1754150954.274620,0.000000,0.000000,0.000000,0.000000,0.000000,0.000000
1754150954.375337,0.000000,0.000000,0.000000,0.000000,0.000000,0.000000
1754150954.475446,0.000000,0.000000,0.000000,0.000000,0.000000,0.000000
1754150954.576324,0.000000,0.000000,0.000000,0.000000,0.000000,0.000000
1754150954.676702,0.000000,0.000000,0.000000,0.000000,0.000000,0.000000
1754150954.776966,0.000000,0.000000,0.000000,0.000000,0.000000,0.000000
1754150954.877345,0.000000,0.000000,0.000000,0.000000,0.000000,0.000000
1754150954.978058,0.000000,0.000000,0.000000,0.000000,0.000000,0.000000
1754150955.077892,0.000000,0.000000,0.000000,0.000000,0.000000,0.000000
1754150955.178365,0.000000,0.000000,0.000000,0.000000,0.000000,0.000000
1754150955.279488,0.000000,0.000000,0.000000,0.000000,0.000000,0.000000
1754150955.379032,0.000000,0.000000,0.000000,0.000000,0.000000,0.000000
1754150955.479583,0.000000,0.000000,0.000000,0.000000,0.000000,0.000000
1754150955.581449,0.000000,0.000000,0.000000,0.000000,0.000000,0.000000
1754150955.681565,0.000000,0.000000,0.000000,0.000000,0.000000,0.000000
1754150955.781753,0.000000,0.000000,0.000000,0.000000,0.000000,0.000000
1754150955.882664,0.000000,0.000000,0.000000,0.000000,0.000000,0.000000
